{"eval/loss": 0.6975939273834229, "eval/accuracy": 0.5342960288808665, "eval/runtime": 2.1168, "eval/samples_per_second": 130.856, "eval/steps_per_second": 4.252, "train/epoch": 31.0, "train/global_step": 2418, "_timestamp": 1654019410, "_runtime": 704, "_step": 54, "gradients/classifier.out_proj.weight": {"_type": "histogram", "values": [1.0, 0.0, 0.0, 0.0, 0.0, 1.0, 1.0, 2.0, 4.0, 3.0, 2.0, 1.0, 4.0, 9.0, 6.0, 3.0, 13.0, 18.0, 25.0, 17.0, 12.0, 30.0, 30.0, 51.0, 36.0, 42.0, 59.0, 56.0, 70.0, 79.0, 103.0, 90.0, 91.0, 102.0, 79.0, 69.0, 57.0, 59.0, 42.0, 36.0, 51.0, 30.0, 30.0, 12.0, 17.0, 25.0, 18.0, 13.0, 3.0, 6.0, 9.0, 4.0, 1.0, 2.0, 3.0, 4.0, 2.0, 1.0, 1.0, 0.0, 0.0, 0.0, 0.0, 1.0], "bins": [-5752.0, -5572.25, -5392.5, -5212.75, -5033.0, -4853.25, -4673.5, -4493.75, -4314.0, -4134.25, -3954.5, -3774.75, -3595.0, -3415.25, -3235.5, -3055.75, -2876.0, -2696.25, -2516.5, -2336.75, -2157.0, -1977.25, -1797.5, -1617.75, -1438.0, -1258.25, -1078.5, -898.75, -719.0, -539.25, -359.5, -179.75, 0.0, 179.75, 359.5, 539.25, 719.0, 898.75, 1078.5, 1258.25, 1438.0, 1617.75, 1797.5, 1977.25, 2157.0, 2336.75, 2516.5, 2696.25, 2876.0, 3055.75, 3235.5, 3415.25, 3595.0, 3774.75, 3954.5, 4134.25, 4314.0, 4493.75, 4673.5, 4853.25, 5033.0, 5212.75, 5392.5, 5572.25, 5752.0]}, "gradients/classifier.out_proj.bias": {"_type": "histogram", "values": [1.0, 0.0, 0.0, 0.0, 0.0, 0.0, 0.0, 0.0, 0.0, 0.0, 0.0, 0.0, 0.0, 0.0, 0.0, 0.0, 0.0, 0.0, 0.0, 0.0, 0.0, 0.0, 0.0, 0.0, 0.0, 0.0, 0.0, 0.0, 0.0, 0.0, 0.0, 0.0, 0.0, 0.0, 0.0, 0.0, 0.0, 0.0, 0.0, 0.0, 0.0, 0.0, 0.0, 0.0, 0.0, 0.0, 0.0, 0.0, 0.0, 0.0, 0.0, 0.0, 0.0, 0.0, 0.0, 0.0, 0.0, 0.0, 0.0, 0.0, 0.0, 0.0, 0.0, 1.0], "bins": [-1361.0, -1318.484375, -1275.96875, -1233.453125, -1190.9375, -1148.421875, -1105.90625, -1063.390625, -1020.875, -978.359375, -935.84375, -893.328125, -850.8125, -808.296875, -765.78125, -723.265625, -680.75, -638.234375, -595.71875, -553.203125, -510.6875, -468.171875, -425.65625, -383.140625, -340.625, -298.109375, -255.59375, -213.078125, -170.5625, -128.046875, -85.53125, -43.015625, -0.5, 42.015625, 84.53125, 127.046875, 169.5625, 212.078125, 254.59375, 297.109375, 339.625, 382.140625, 424.65625, 467.171875, 509.6875, 552.203125, 594.71875, 637.234375, 679.75, 722.265625, 764.78125, 807.296875, 849.8125, 892.328125, 934.84375, 977.359375, 1019.875, 1062.390625, 1104.90625, 1147.421875, 1189.9375, 1232.453125, 1274.96875, 1317.484375, 1360.0]}, "gradients/classifier.dense.weight": {"_type": "histogram", "values": [1.0, 0.0, 0.0, 0.0, 1.0, 2.0, 2.0, 0.0, 1.0, 0.0, 1.0, 0.0, 2.0, 1.0, 4.0, 1.0, 8.0, 5.0, 4.0, 7.0, 7.0, 4.0, 18.0, 18.0, 23.0, 49.0, 186.0, 116004.0, 473080.0, 212.0, 51.0, 29.0, 18.0, 24.0, 11.0, 10.0, 11.0, 5.0, 4.0, 4.0, 3.0, 3.0, 3.0, 1.0, 1.0, 1.0, 0.0, 1.0, 0.0, 1.0, 0.0, 0.0, 0.0, 0.0, 1.0, 0.0, 0.0, 0.0, 0.0, 0.0, 0.0, 0.0, 0.0, 1.0], "bins": [-6584.0, -6349.125, -6114.25, -5879.375, -5644.5, -5409.625, -5174.75, -4939.875, -4705.0, -4470.125, -4235.25, -4000.375, -3765.5, -3530.625, -3295.75, -3060.875, -2826.0, -2591.125, -2356.25, -2121.375, -1886.5, -1651.625, -1416.75, -1181.875, -947.0, -712.125, -477.25, -242.375, -7.5, 227.375, 462.25, 697.125, 932.0, 1166.875, 1401.75, 1636.625, 1871.5, 2106.375, 2341.25, 2576.125, 2811.0, 3045.875, 3280.75, 3515.625, 3750.5, 3985.375, 4220.25, 4455.125, 4690.0, 4924.875, 5159.75, 5394.625, 5629.5, 5864.375, 6099.25, 6334.125, 6569.0, 6803.875, 7038.75, 7273.625, 7508.5, 7743.375, 7978.25, 8213.125, 8448.0]}, "gradients/classifier.dense.bias": {"_type": "histogram", "values": [1.0, 1.0, 0.0, 0.0, 0.0, 2.0, 0.0, 0.0, 0.0, 1.0, 1.0, 0.0, 0.0, 2.0, 3.0, 2.0, 3.0, 4.0, 7.0, 2.0, 6.0, 5.0, 9.0, 10.0, 9.0, 19.0, 20.0, 23.0, 46.0, 85.0, 265.0, 67.0, 35.0, 35.0, 15.0, 17.0, 10.0, 8.0, 12.0, 7.0, 6.0, 8.0, 4.0, 2.0, 5.0, 2.0, 2.0, 1.0, 1.0, 1.0, 0.0, 0.0, 1.0, 0.0, 0.0, 0.0, 1.0, 0.0, 0.0, 0.0, 1.0, 0.0, 0.0, 1.0], "bins": [-643.5, -622.265625, -601.03125, -579.796875, -558.5625, -537.328125, -516.09375, -494.859375, -473.625, -452.390625, -431.15625, -409.921875, -388.6875, -367.453125, -346.21875, -324.984375, -303.75, -282.515625, -261.28125, -240.046875, -218.8125, -197.578125, -176.34375, -155.109375, -133.875, -112.640625, -91.40625, -70.171875, -48.9375, -27.703125, -6.46875, 14.765625, 36.0, 57.234375, 78.46875, 99.703125, 120.9375, 142.171875, 163.40625, 184.640625, 205.875, 227.109375, 248.34375, 269.578125, 290.8125, 312.046875, 333.28125, 354.515625, 375.75, 396.984375, 418.21875, 439.453125, 460.6875, 481.921875, 503.15625, 524.390625, 545.625, 566.859375, 588.09375, 609.328125, 630.5625, 651.796875, 673.03125, 694.265625, 715.5]}, "train/loss": 0.6625, "train/learning_rate": 0.0003273657289002558}